id,text
001.jpg,FOR
001.jpg,GUYS
001.jpg,AND
001.jpg,GALS
001.jpg, 
001.jpg,650-853-9659
001.jpg,First
001.jpg,Floor
001.jpg,Tresidder
001.jpg,Union
001.jpg,Wat
001.jpg,mM
001.jpg,K
002.jpg,MEXICAN
002.jpg,GRILL
002.jpg,CHRIS
002.jpg,SALCEDO
002.jpg,APPRENTICE
002.jpg,650.462.9154
002.jpg,FAX
002.jpg,650.462.1252
002.jpg,CHIPOTLE
002.jpg,MEXICAN
002.jpg,"GRILL,"
002.jpg,I!
002.jpg,2675
002.jpg,EL
002.jpg,CAMINO
002.jpg,REAL
002.jpg,PALO
002.jpg,"ALTO,"
002.jpg,CA
002.jpg,94306
003.jpg,Wx
003.jpg,hoichi
003.jpg,Shiono
003.jpg,executive
003.jpg,chef
003.jpg,|
003.jpg,240
003.jpg,Castro
003.jpg,St.
003.jpg,tain
003.jpg,"View,"
003.jpg,CA
003.jpg,94041
003.jpg,Tel.650-964-6990
003.jpg,|
003.jpg,  
003.jpg,   
003.jpg, 
004.jpg,STANFORD
004.jpg,ELECTRICAL
004.jpg,BNGIN-EERING
004.jpg,VIJAY
004.jpg,CHANDRASEKHAR
004.jpg,Electrical
004.jpg,Engineering
004.jpg,17
004.jpg,Comstock
004.jpg,Circle
004.jpg,Apt
004.jpg,101
004.jpg,"Stanford,"
004.jpg,CA
004.jpg,94305
004.jpg,Phone:
004.jpg,916.221.0411
004.jpg,E-mail:
004.jpg,vijayc@stanford.edu
005.jpg,ace
005.jpg,sdaytons
005.jpg,‘COMMUNICATIONS
005.jpg,carol
005.jpg,soh
005.jpg,general
005.jpg,manager
005.jpg,h65
005.jpg,9630
005.jpg,1571
005.jpg,t
005.jpg,65
005.jpg,6379
005.jpg,5248
005.jpg,f
005.jpg,65
005.jpg,6475
005.jpg,3041
005.jpg,carol@acecomm.sg
005.jpg, 
006.jpg,RAFAEL
006.jpg,ULATE
006.jpg,DIRECTOR
006.jpg,OF
006.jpg,ADMISSIONS
006.jpg,DEPARTMENT
006.jpg,OF
006.jpg,ELECTRICAL
006.jpg,ENGINEERING
006.jpg, 
006.jpg, 
006.jpg,DAVID
006.jpg,PACKARD
006.jpg,ELECTRICAL
006.jpg,ENGINEERING
006.jpg,350
006.jpg,SERRA
006.jpg,"MALL,"
006.jpg,ROOM
006.jpg,170
006.jpg,TEL:
006.jpg,(650)
006.jpg,725-9327
006.jpg,©
006.jpg,STANFORD
006.jpg,UNIVERSITY
006.jpg,FAX:
006.jpg,(650)
006.jpg,723-
006.jpg,1882
006.jpg,"STANFORD,"
006.jpg,CALIFORNIA
006.jpg,94305-9505
006.jpg,ulate@ee.stanford.edu
007.jpg, 
007.jpg,Ph:
007.jpg,412-621-1356
007.jpg,Fax:
007.jpg,412-621-2410
007.jpg,MARK
007.jpg,D.
007.jpg,"MALVIN,"
007.jpg,D.M.D.
007.jpg,Comprehensive
007.jpg,Dental
007.jpg,Care
007.jpg,Office
007.jpg,Hours
007.jpg,410
007.jpg,S.
007.jpg,Craig
007.jpg,St.
007.jpg,Suite
007.jpg,102
007.jpg,By
007.jpg,Appointment
007.jpg,"Pittsburgh,"
007.jpg,PA
007.jpg,15213
008.jpg, 
008.jpg,Richard
008.jpg,Svienty
008.jpg,t
008.jpg,847
008.jpg,273-5617
008.jpg,f
008.jpg,847
008.jpg,273-5610
008.jpg,svienty@pv.com
008.jpg,packetvideo
008.jpg,a
008.jpg,member
008.jpg,of
008.jpg,technical
008.jpg,staff
008.jpg,5407
008.jpg,trillium
008.jpg,"boulevard,"
008.jpg,suite
008.jpg,130
008.jpg,hoffman
008.jpg,"estates,"
008.jpg,illinois
008.jpg,60192
008.jpg,www.pv.com
009.jpg, 
009.jpg,VTEC
009.jpg,SYSTEMS
009.jpg,AVTEC
009.jpg,"SYSTEMS,"
009.jpg,INC.
009.jpg,14432
009.jpg,ALBEMARLE
009.jpg,POINT
009.jpg,PLACE
009.jpg,"CHANTILLY,"
009.jpg,VIRGINIA
009.jpg,20151
009.jpg, 
009.jpg,y_N
009.jpg,(703)
009.jpg,488-2500
009.jpg,Direct
009.jpg,(703)
009.jpg,488-2348
009.jpg,Fax
009.jpg,(703)
009.jpg,488-2555
009.jpg,MICHAEL
009.jpg,POOLE
009.jpg,mpoole
009.jpg,@
009.jpg,avtec.com
009.jpg,Software
009.jpg,Engineer
009.jpg,http://www.avtec.com
009.jpg, 
010.jpg,nethernet
010.jpg,web
010.jpg,solutions
010.jpg,|
010.jpg,software
010.jpg,development
010.jpg,;
010.jpg,Ben
010.jpg,Congleton
010.jpg, 
010.jpg,bc@nethernet.com
010.jpg,cell
010.jpg,(703)
010.jpg,867-0135
010.jpg,www.nethernet.cem
010.jpg, 
011.jpg,BLUEWAVE
011.jpg,JIM
011.jpg,WHITEHURST
011.jpg,Senior
011.jpg,Vice
011.jpg,"President,"
011.jpg,People
011.jpg,and
011.jpg,Bran
011.jpg,Email:
011.jpg,whitehurst@blurwave.cc
011.jpg,Phone:
011.jpg,601-397-1239
011.jpg,Fax:
011.jpg,601-397-1287
011.jpg,  
012.jpg, 
012.jpg,5432
012.jpg,Blackwelder
012.jpg,"CT,"
012.jpg,Palo
012.jpg,"Alto,"
012.jpg,CA
012.jpg,84
012.jpg,T.-555-583
012.jpg,5332/
012.jpg,F.
012.jpg,5341
012.jpg,www.oneinsurance.com
013.jpg, 
013.jpg,"Fabrikam,"
013.jpg,Inc
013.jpg,FOR
013.jpg,WOMEN’S
013.jpg,FASHIONABLE
013.jpg,APPAREL
013.jpg,AN
013.jpg,ACCESSORIES
013.jpg,Samantha
013.jpg,Smith
013.jpg,1234
013.jpg,Main
013.jpg,Street
013.jpg,-
013.jpg,"Portland,"
013.jpg,OR
013.jpg,65111
013.jpg,Phone
013.jpg,(770)
013.jpg,555-0100
013.jpg,Fax
013.jpg,(770)
013.jpg,555-0101
013.jpg,www.fabrikam.com
014.jpg,9861
014.jpg,E.
014.jpg,Euglio
014.jpg,ST.
014.jpg,"Cleveland,"
014.jpg,OH
014.jpg,44126
014.jpg,Phone:
014.jpg,1-888-VINTAGE
014.jpg,Email:
014.jpg,FLY@
014.jpg,VINTAGEAIR.COM
014.jpg,BUY
014.jpg,—
014.jpg,SELL
014.jpg,—
014.jpg,TRADE
014.jpg,John
014.jpg,"McDonnel,"
014.jpg, 
015.jpg, 
015.jpg,8172
015.jpg,Miramar
015.jpg,"Road,"
015.jpg,MARGIE
015.jpg,SHOOP
015.jpg,San
015.jpg,"Diego,"
015.jpg,CA
015.jpg,12793
015.jpg,Manager
015.jpg,Ph.
015.jpg,603-555-0160
015.jpg,Fax
015.jpg,603-555-0161
015.jpg,Cell
015.jpg,603-555-0178
015.jpg,Margie’s
015.jpg,Travel
015.jpg,www.margiestravel.com
015.jpg, 
016.jpg,Address:
016.jpg,Queen’s
016.jpg,Road
016.jpg,"125,"
016.jpg,CB3
016.jpg,"4AU,"
016.jpg,"Cambridge,"
016.jpg,UK
016.jpg,5858
016.jpg,269466
016.jpg,E-Mail:ian@cambridgelogic.co.uk
016.jpg, 
017.jpg,     
017.jpg, 
017.jpg,   
017.jpg, 
017.jpg,#
017.jpg,www.circade.com
017.jpg,CIRCADE
017.jpg,>
017.jpg,)
017.jpg,Bernard
017.jpg,Desarnauts
017.jpg,Founder
017.jpg,&
017.jpg,CEO
017.jpg,Ph.
017.jpg,+61
017.jpg,802
017.jpg,4567
017.jpg,|
017.jpg,Fax
017.jpg,+61
017.jpg,802
017.jpg,4568
017.jpg,bdesarnauts@circade.com
017.jpg,   
018.jpg,   
018.jpg,Awesome
018.jpg,Your
018.jpg,True
018.jpg,Friend
018.jpg,In
018.jpg,The
018.jpg,Digital
018.jpg,Ac
018.jpg,Randall
018.jpg,Ketter
018.jpg,100
018.jpg,W
018.jpg,NOPAL
018.jpg,|
018.jpg,1:
018.jpg,Chandler
018.jpg,","
018.jpg,AZ
018.jpg,852:
018.jpg,(
018.jpg,602
018.jpg,)
018.jpg,586
018.jpg,-
018.jpg,Randall_Ketterer
018.jpg,@cox.n
018.jpg,http:
018.jpg,/randallketter
019.jpg,"FABRIKAM,"
019.jpg,INC.
019.jpg,Eric
019.jpg,"Rothenberg,"
019.jpg,"Owner,"
019.jpg,License
019.jpg,#M45678
019.jpg,57
019.jpg,N.
019.jpg,Walnut
019.jpg,"Drive,"
019.jpg,Suite
019.jpg,"120,"
019.jpg,New
019.jpg,"Orleans,"
019.jpg,LA
019.jpg,12329
019.jpg,Phone
019.jpg,(304)
019.jpg,555-0112
019.jpg,+
019.jpg,Fax
019.jpg,(304)
019.jpg,555-0114
019.jpg, 
020.jpg, 
020.jpg,Free
020.jpg,Gift
020.jpg,or
020.jpg,Special
020.jpg,Package
020.jpg,Offer
020.jpg,Here
020.jpg,Apex
020.jpg,Saunas
020.jpg,&
020.jpg,Wine
020.jpg,Cellars
020.jpg,Ph.
020.jpg,203-555-0160
020.jpg, 
021.jpg, 
021.jpg,David
021.jpg,Lam
021.jpg,david@biggrowth.com
021.jpg,123
021.jpg,West
021.jpg,Main
021.jpg,"Street,"
021.jpg,New
021.jpg,"York,"
021.jpg,NY10001
021.jpg,P:
021.jpg,555.123.4568
021.jpg,|
021.jpg,F:
021.jpg,555.123.4567
021.jpg,WWW.BIGGROWTH.COM
021.jpg, 
022.jpg,    
022.jpg, 
022.jpg,   
022.jpg,   
022.jpg, 
022.jpg,=
022.jpg,#2
022.jpg,=
022.jpg,www.circade.com
022.jpg,sige
022.jpg,CIRCAD
022.jpg,Tim
022.jpg,Butler
022.jpg,Director
022.jpg,of
022.jpg,operations
022.jpg,7g
022.jpg,Ph.
022.jpg,+61
022.jpg,802
022.jpg,4567
022.jpg,|
022.jpg,Fax
022.jpg,+61
022.jpg,802
022.jpg,4568
022.jpg,tbutler@circade.com
023.jpg,  
023.jpg, 
023.jpg,  
023.jpg,DR.
023.jpg,KELLY
023.jpg,FOCHT
023.jpg,457
023.jpg,Main
023.jpg,"Street,"
023.jpg,Building
023.jpg,2
023.jpg,"Buffalo,"
023.jpg,NY
023.jpg,98052
023.jpg,(375)
023.jpg,555-0100
023.jpg,Your
023.jpg,next
023.jpg,appointment
023.jpg,is:
023.jpg,avoid
023.jpg,a
023.jpg,$25.00
023.jpg,"fee,"
023.jpg,please
023.jpg,give
023.jpg,notice
023.jpg,at
023.jpg,least
023.jpg,24
023.jpg,hours
023.jpg,prior
023.jpg,to
023.jpg,appointment
023.jpg,time
023.jpg,if
023.jpg,you
023.jpg,must
023.jpg,cancel.
023.jpg, 
024.jpg,E
024.jpg,©
024.jpg,<=
024.jpg,5
024.jpg,=
024.jpg, 
025.jpg,Elizabeth
025.jpg,Nelson
025.jpg,6
025.jpg,Grade
025.jpg,"Teacher,"
025.jpg,Mount
025.jpg,Pilot
025.jpg,Elementary
025.jpg,School
025.jpg,3200
025.jpg,Brushwood
025.jpg,Ln.
025.jpg,©
025.jpg,"Tulsa,"
025.jpg,Oklahoma
025.jpg,Telephone
025.jpg,701.113.5427
025.jpg,Fax
025.jpg,701.981.5928
025.jpg,Elizabeth.nelson@gmail.com
025.jpg,-
025.jpg,—
025.jpg,Cs
025.jpg,>
025.jpg,2
025.jpg,Ci
025.jpg,“ine
025.jpg,‘<P
025.jpg,iP
025.jpg,LP
025.jpg,<>
025.jpg,<a>
025.jpg,EP
025.jpg,<>
025.jpg,<>
025.jpg,>
025.jpg,<—
025.jpg,ak
025.jpg,ae
025.jpg,«<
025.jpg,<a
025.jpg,ai
025.jpg,Oo
025.jpg,GP
025.jpg,ae
025.jpg,GE
025.jpg,GER
025.jpg,ae
025.jpg,Gk
025.jpg,Gee
025.jpg,<a
025.jpg,=e
025.jpg,2?
025.jpg,a
025.jpg,<a
025.jpg,ae
025.jpg,ae
025.jpg,<>
025.jpg,a
025.jpg,ie
025.jpg,<a>
025.jpg,ae
025.jpg,ae
025.jpg,<q
025.jpg,>
025.jpg,=>
025.jpg,=>
025.jpg,aD
025.jpg,GD
025.jpg,GD
025.jpg,GD
025.jpg,GD
025.jpg,GD
025.jpg,GD
025.jpg,GD
025.jpg,2S
025.jpg,a>
025.jpg,2s
025.jpg,<a>
025.jpg,a>
025.jpg,as
025.jpg,GS
025.jpg,as
025.jpg,Ge
025.jpg,ES
025.jpg,ae
025.jpg,Le
025.jpg,BE
025.jpg,Ge
025.jpg,Bp
025.jpg,"te,"
025.jpg,<q
025.jpg, 
026.jpg,    
026.jpg,Quest
026.jpg,Specializing
026.jpg,in
026.jpg,outplacement
026.jpg,and
026.jpg,resume
026.jpg,writing
026.jpg,services
026.jpg,8749
026.jpg,Kilbirnie
026.jpg,Terrace
026.jpg,Brooklyn
026.jpg,"Pack,"
026.jpg,MN
026.jpg,55443
026.jpg,Phone:
026.jpg,541-513-3755
026.jpg,|
026.jpg,Fax:
026.jpg,541-513-3876
026.jpg,www.sekelassociates.com
026.jpg, 
026.jpg, 
027.jpg,Johnathan
027.jpg,Smith
027.jpg,johnathan@biggrowth.com
027.jpg,123
027.jpg,West
027.jpg,Main
027.jpg,"Street,"
027.jpg,New
027.jpg,"York,"
027.jpg,NY10001
027.jpg,P:
027.jpg,555.123.4568
027.jpg,|
027.jpg,F:
027.jpg,555.123.4567
027.jpg,WWW.BIGGROWTH.COM
028.jpg,Carla
028.jpg,Lowery
028.jpg,Customer
028.jpg,Representative
028.jpg, 
028.jpg,ACN
028.jpg,independent
028.jpg,Representative
028.jpg,L.F
028.jpg,Services
028.jpg,Address
028.jpg,"Brooklyn,"
028.jpg,NY
028.jpg,USA
028.jpg,718-301-2081
028.jpg,347-706-3383
028.jpg,E-Mail
028.jpg,clowery41@verizon.net
028.jpg,Website
028.jpg,carladigital.acnret.com
028.jpg, 
029.jpg,   
029.jpg, 
029.jpg,WING
029.jpg,Travel
029.jpg,Joey
029.jpg,K.
029.jpg,Smith
029.jpg,Managing
029.jpg,director
029.jpg,T:
029.jpg,770-391-9071
029.jpg,F:
029.jpg,770-391-90
029.jpg,299
029.jpg,Newport
029.jpg,Lane
029.jpg,-
029.jpg,"Dunwoody,"
029.jpg,GA
029.jpg,30338
029.jpg,info@whitesandtravel.com
029.jpg,>
029.jpg, 
030.jpg,Casey
030.jpg,Smith
030.jpg,ALIFORNIA
030.jpg,AVENUE
030.jpg,"ALTO,"
030.jpg,CA
030.jpg,92381
030.jpg,NGBIRD.COM
030.jpg,ACCOUNT
030.jpg,EXECUTIVE
030.jpg, 
030.jpg, 
031.jpg,Institute
031.jpg,for
031.jpg,Computer
031.jpg,"Sciences,"
031.jpg,Social
031.jpg,Informatics
031.jpg,and
031.jpg,Telecommunications
031.jpg,Engineering
031.jpg, 
031.jpg,ICST.ORG
031.jpg,Gabriella
031.jpg,MAGYAR
031.jpg,Conference
031.jpg,Coordinator
031.jpg,Begijnhoflaan
031.jpg,"93a,"
031.jpg,B-9000
031.jpg,"Gent,"
031.jpg,Belgium
031.jpg,phone:
031.jpg,+32
031.jpg,9
031.jpg,3299
031.jpg,425
031.jpg,e-mail:
031.jpg,skype:
031.jpg,gabriella.magyar-icst
031.jpg, 
031.jpg, 
032.jpg, 
032.jpg,","
032.jpg,/
032.jpg,"""Ea"
032.jpg,C4
032.jpg, 
033.jpg, 
033.jpg,@abtnaccess
033.jpg,Beyond
033.jpg,the
033.jpg,Network
033.jpg,Limited
033.jpg,20th
033.jpg,"Floor,"
033.jpg,East
033.jpg,Exchange
033.jpg,Tower
033.jpg,38
033.jpg,Leighton
033.jpg,Road
033.jpg,Causeway
033.jpg,"Bay,"
033.jpg,Hong
033.jpg,Kong
033.jpg,@®
033.jpg,+91
033.jpg,22
033.jpg,5651
033.jpg,0827
033.jpg,+91
033.jpg,22
033.jpg,5651
033.jpg,0826
033.jpg,@
033.jpg,+91
033.jpg,98
033.jpg,2074
033.jpg,4226
033.jpg,G
033.jpg,igandhi@btnaccess.com
033.jpg,www.btnaccess.com
033.jpg,Jimit
033.jpg,Gan
033.jpg,APEMEA
033.jpg,A
033.jpg,PCCW
033.jpg,com
033.jpg, 
034.jpg,"Securics,"
034.jpg,Inc
034.jpg,“The
034.jpg,Science
034.jpg,of
034.jpg,Security
034.jpg,w
034.jpg,the
034.jpg,Protection
034.jpg,of
034.jpg,Privacy”
034.jpg,Walter
034.jpg,J.
034.jpg,Scheirer
034.jpg,Biometric
034.jpg,Engineer
034.jpg, 
034.jpg,1867
034.jpg,Austin
034.jpg,Bluffs
034.jpg,"Pkwy,"
034.jpg,Ste
034.jpg,200
034.jpg,Office:
034.jpg,719-387-8
034.jpg,Colorado
034.jpg,"Springs,"
034.jpg,CO
034.jpg,80918
034.jpg,Cellular:
034.jpg,610-657-1
034.jpg,www.securics.com
034.jpg,wscheirer@securics.«
035.jpg, 
035.jpg,CONDUMI
035.jpg,Mauro
035.jpg,Hernandez
035.jpg,—
035.jpg, 
036.jpg,     
036.jpg,econnection.net
036.jpg,BOB
036.jpg,PHILLIPS
036.jpg,Supervisor
037.jpg,co
037.jpg,HO
037.jpg,COHO
037.jpg,1
037.jpg,Great
037.jpg,catering
037.jpg,with
037.jpg,prices
037.jpg,you
037.jpg,can
037.jpg,afford!
037.jpg,Call
037.jpg,"now,"
037.jpg,ask
037.jpg,for
037.jpg,Rocio
037.jpg,or
037.jpg,Nelly
037.jpg,721-1234.
037.jpg,"Or,"
037.jpg,fax
037.jpg,your
037.jpg,order
037.jpg,now
037.jpg,to
037.jpg,721-2300.
037.jpg,Ordering
037.jpg,with
037.jpg,us
037.jpg,is
037.jpg,as
037.jpg,easy
037.jpg,as
037.jpg,1234!
037.jpg,On
037.jpg,time
037.jpg,delivery!
037.jpg,Phone
037.jpg,(650)
037.jpg,721-1234
037.jpg,Fax
037.jpg,(650)
037.jpg,721-2300
037.jpg,Email
037.jpg,coho@stanford.edu
037.jpg,Web
037.jpg,coho.stanford.edu
037.jpg,Blog
037.jpg,stanfordcoho.blogspot.com
037.jpg,459
037.jpg,Lagunita
037.jpg,No.
037.jpg,"1,"
037.jpg,Tresidder
037.jpg,"Union,"
037.jpg,"Stanford,"
037.jpg,CA
038.jpg, 
038.jpg, 
038.jpg, 
038.jpg,  
038.jpg,10
038.jpg,%
038.jpg,Discount
038.jpg,=
038.jpg,this
038.jpg,card
038.jpg,c
038.jpg,‘A
038.jpg,ball
038.jpg,of
038.jpg,Ezra
038.jpg,Pound
038.jpg,   
038.jpg,415
038.jpg,California
038.jpg,Avenue
038.jpg,Palo
038.jpg,Alto
038.jpg,CA
038.jpg,94306
038.jpg,650
038.jpg,326
038.jpg,9355
039.jpg, 
039.jpg, 
039.jpg,WING
039.jpg,Marketing
039.jpg,director
039.jpg,T:
039.jpg,770-391-9071
039.jpg,F:
039.jpg,770-391-90
039.jpg,299
039.jpg,Newport
039.jpg,Lane
039.jpg,-
039.jpg,"Dunwoody,"
039.jpg,GA
039.jpg,30338
039.jpg,info@whitesandtravel.com
040.jpg, 
040.jpg, 
040.jpg,Joey
040.jpg,K.
040.jpg,"Smith,"
040.jpg,CEO
040.jpg,T:
040.jpg,"770-391-9071,"
040.jpg,info@colorpro.com
040.jpg,299
040.jpg,Newport
040.jpg,"Lane,"
040.jpg,"Dunwoody,"
040.jpg,GA
040.jpg,30338
040.jpg, 
041.jpg,THE
041.jpg,COUNTER
041.jpg,&
041.jpg,CUSTOM
041.jpg,BUILT
041.jpg,BURGERS
041.jpg,Jim
041.jpg,Glover
041.jpg,Manager
041.jpg,Counter
041.jpg,Intelligence
041.jpg,-
041.jpg,A
041.jpg,Licensed
041.jpg,Franchise
041.jpg,The
041.jpg,Counter
041.jpg,Palo
041.jpg,Alto
041.jpg,Palo
041.jpg,Alto
041.jpg,CA
041.jpg,94306
041.jpg,650
041.jpg,321
041.jpg,3900
041.jpg,650
041.jpg,321
041.jpg,3902
041.jpg,Fax
041.jpg,paloalto@thecounterburger.com
041.jpg,thecounterburger.com
041.jpg, 
042.jpg, 
042.jpg,368
042.jpg,S.
042.jpg,California
042.jpg,Avenue
042.jpg,Palo
042.jpg,"Alto,"
042.jpg,CA
042.jpg,94306
042.jpg,Telephone:
042.jpg,650.328.9400
042.jpg,www.massagetherapypaloalto.
043.jpg,HHI
043.jpg,Fraunhofer
043.jpg,Institut
043.jpg,Nachrichtentechnik
043.jpg,Heinrich-Hertz-institut
043.jpg,Dipl.-Ing.
043.jpg,Cornelius
043.jpg,Hellge
043.jpg,Einsteinufer
043.jpg,37
043.jpg,Research
043.jpg,Engineer
043.jpg,10587
043.jpg,Berlin
043.jpg,Germany
043.jpg,Phone
043.jpg,+49(0)30-3100;
043.jpg,Fax
043.jpg,+49(0)30-392
043.jpg,Media
043.jpg,Streaming
043.jpg,Technologies
043.jpg,eMail
043.jpg,hellge@hhi.ft
043.jpg,Image
043.jpg,Processing
043.jpg,Department
043.jpg,http://ip.h
044.jpg,THOMSON
044.jpg,images
044.jpg,&
044.jpg,"beyond,"
044.jpg,\
044.jpg,Ralf
044.jpg,Ostermann
044.jpg,Senior
044.jpg,R&D
044.jpg,Engineer
044.jpg,Production
044.jpg,Workflow
044.jpg,Corporate
044.jpg,Research
044.jpg,Hannover
044.jpg,Deutsche
044.jpg,Thomson
044.jpg,OHG
044.jpg,Karl-Wiechert-Allee
044.jpg,74
044.jpg,30625
044.jpg,"Hannover,"
044.jpg,Germany
044.jpg,Phone
044.jpg,+49
044.jpg,511
044.jpg,418
044.jpg,2836
044.jpg,Fax
044.jpg,+49511
044.jpg,418
044.jpg,2483
044.jpg,ralf.ostermann@thomson.net
044.jpg, 
045.jpg,Politecnico
045.jpg,di
045.jpg,Torino
045.jpg,Dept.
045.jpg,of
045.jpg,Computer
045.jpg,and
045.jpg,Control
045.jpg,Engine
045.jpg,Internet
045.jpg,Media
045.jpg,G
045.jpg, 
045.jpg, 
045.jpg,Enrico
045.jpg,"Masala,"
045.jpg,Ph.D.
045.jpg,Post-doc
045.jpg,Researcher
045.jpg,Politecnico
045.jpg,di
045.jpg,Torino
045.jpg,Phone:
045.jpg,+39
045.jpg,011
045.jpg,56
045.jpg,Dipartimento
045.jpg,di
045.jpg,Automatica
045.jpg,e
045.jpg,Informatica
045.jpg,Fax:
045.jpg,+39
045.jpg,011
045.jpg,56
045.jpg,Corso
045.jpg,Duca
045.jpg,degli
045.jpg,"Abruzzi,"
045.jpg,24
045.jpg,E-mail:
045.jpg,masala@
045.jpg,10129
045.jpg,Torino
045.jpg,-
045.jpg,ITALY
045.jpg,http://media.
045.jpg,polito.it/
045.jpg, 
046.jpg,STANFORD
046.jpg,UNIVERSITY
046.jpg, 
046.jpg,Jeonghun
046.jpg,Noh
046.jpg,Ph.
046.jpg,D.
046.jpg,candidate
046.jpg,Department
046.jpg,of
046.jpg,Electrical
046.jpg,Engineering
046.jpg,Packard
046.jpg,"240,"
046.jpg,350
046.jpg,Serra
046.jpg,Mail
046.jpg,"Stanford,"
046.jpg,CA
046.jpg,94305
046.jpg,650-723-3476
046.jpg,http://www.stanford.edv/'~jhnoh
046.jpg,jhnoh@stanford
046.jpg,edu
046.jpg, 
047.jpg,STANFORD
047.jpg,UNIVERSITY
047.jpg, 
047.jpg,CHRIS
047.jpg,POHALSKI
047.jpg,Career
047.jpg,"Counselor,"
047.jpg,Engineering
047.jpg,Career
047.jpg,Development
047.jpg,Center
047.jpg,Stanford
047.jpg,University
047.jpg,563
047.jpg,Salvatierra
047.jpg,Walk
047.jpg,"Stanford,"
047.jpg,CA
047.jpg,94305-8530
047.jpg,APPTS
047.jpg,650.725.1789
047.jpg,DIRECT
047.jpg,650.725.9370
047.jpg,pohalski@stanford.edu
047.jpg,cardinalcareers.stanford.edu
048.jpg,STANFORD
048.jpg,COMPUTER
048.jpg,FORUM
048.jpg,TOMOKAZU
048.jpg,MARAKAMI
048.jpg,Visiting
048.jpg,Scholar
048.jpg, 
048.jpg,Electrical
048.jpg,Engineering
048.jpg,350
048.jpg,Serra
048.jpg,Mall
048.jpg,Packard
048.jpg,"Bldg,"
048.jpg,Rm
048.jpg,235
048.jpg,"Stanford,"
048.jpg,CA
048.jpg,94305-9510
048.jpg,Phone:
048.jpg,1.650.725.7076
048.jpg,Fax:
048.jpg,1.650.724.3648
048.jpg,E-mail:
048.jpg,tmurakam@stanford.edu
049.jpg,MKSMITH
049.jpg,LED
049.jpg,2nd
049.jpg,to
049.jpg,None
049.jpg,Since
049.jpg,l94/
049.jpg,George
049.jpg,Chavez
049.jpg,Sales
049.jpg,Consultant
049.jpg,Cell
049.jpg,323.309.0455
049.jpg, 
049.jpg, 
049.jpg,12845
049.jpg,Central
049.jpg,"Avenue,"
049.jpg,"Chino,"
049.jpg,California
049.jpg,91710
049.jpg,mksmithchevrolet.com
049.jpg,*
049.jpg,909.628.8961
049.jpg,»
049.jpg,Fax
049.jpg,909.628.6637
050.jpg,  
050.jpg,   
050.jpg,pROUDLY
050.jpg,Bre
050.jpg,Peets
050.jpg,Coffee
050.jpg,&
050.jpg,lea
050.jpg,We
050.jpg,proudly
050.jpg,brew
050.jpg,at
050.jpg,Tresidder
050.jpg,Memorial
050.jpg,Union
050.jpg, 
051.jpg, 
051.jpg,      
051.jpg, 
051.jpg,  
051.jpg,a
051.jpg,Breakfast
051.jpg,&
051.jpg,Lunch
051.jpg,447
051.jpg,S.
051.jpg,California
051.jpg,Ave
051.jpg,7:30-2:30
051.jpg,Daily
051.jpg,"Alto,"
051.jpg,CA
051.jpg,Dinner
051.jpg,5:00-9:00
051.jpg,Tues.-Sat.
051.jpg,(650)
051.jpg,326-6505
051.jpg,www.joaniescafepaloalto.com
051.jpg,——
052.jpg, 
052.jpg, 
052.jpg,Lotus
052.jpg,“That
052.jpg,Bis
052.jpg,425
052.jpg,California
052.jpg,Ave
052.jpg,Palo
052.jpg,"Alto,"
052.jpg,CA
052.jpg,94
052.jpg,www.lotusthaibistro.«
052.jpg,Phone:
052.jpg,650.289.C
052.jpg,Fax:
052.jpg,650.289.C
053.jpg, 
053.jpg, 
053.jpg,-Falaiel
053.jpg,433
053.jpg,Californ
053.jpg,Palo
053.jpg,"Alto,"
053.jpg,CA
053.jpg,Tel:
053.jpg,(650)
053.jpg,32
053.jpg,Fax:
053.jpg,(650)
053.jpg,32
053.jpg,‘Baba
053.jpg,Ghannoush
053.jpg,www.MediterraneanWre
053.jpg,Office
053.jpg,"Parties,"
053.jpg,Phone
053.jpg,&
053.jpg,Fax
053.jpg,Orders
053.jpg,are
053.jpg,welcome
053.jpg,kanzeman@sbcgI
053.jpg, 
054.jpg,7
054.jpg,QUQT
054.jpg,-
054.jpg,wdoo:g
054.jpg,-
054.jpg,/
054.jpg,wdo¢:z
054.jpg,-
054.jpg,Hol
054.jpg, 
054.jpg,eseurdy
054.jpg, 
055.jpg,STANFORD
055.jpg,MepbiA
055.jpg,&
055.jpg,MICROTEXT
055.jpg, 
055.jpg, 
055.jpg,Jim
055.jpg,KENT
055.jpg,Media
055.jpg,Librarian
055.jpg,Stanford
055.jpg,University
055.jpg,Libraries
055.jpg,73
055.jpg,Green
055.jpg,Library
055.jpg,East
055.jpg,"Stanford,"
055.jpg,CA
055.jpg,94305-6068
055.jpg,T
055.jpg,650.725.7263
055.jpg,jimkent@stanford.edu
055.jpg, 
056.jpg,BRIOCHE
056.jpg,ee
056.jpg,326-
056.jpg,8640
056.jpg,445
056.jpg,California
056.jpg,Ave
056.jpg,"Breakfast,"
056.jpg,"Lunch,"
056.jpg,Palo
056.jpg,"Alto,"
056.jpg,Ca
056.jpg,“94306
056.jpg,&
056.jpg,Dinner
056.jpg,Daily
056.jpg,Fax:
056.jpg,650.323.6876
056.jpg,www.cafebriochepaloalto.com
056.jpg, 
057.jpg,Buy
057.jpg,10
057.jpg,coffee
057.jpg,drinks
057.jpg,over
057.jpg,"$1.15,"
057.jpg,get
057.jpg,one
057.jpg,free!
057.jpg,sant
057.jpg,SESSS
057.jpg,320
057.jpg,California
057.jpg,Ave.
057.jpg,‘rasa
057.jpg,:
057.jpg,Palo
057.jpg,"Alto,"
057.jpg,CA
057.jpg,94306
057.jpg,Tel:
057.jpg,650-323-3347
057.jpg,Fax:
057.jpg,650-328-5246
057.jpg,dC
057.jpg,"""Where"
057.jpg,Your
057.jpg,Coffee
057.jpg,Needs
057.jpg,Are
057.jpg,"Met"""
058.jpg, 
058.jpg,THE
058.jpg,COUNTER
058.jpg,CUSTOM
058.jpg,BUILT
058.jpg,BURGERS
058.jpg,Jorjann
058.jpg,Johnson
058.jpg,General
058.jpg,Manager
058.jpg,Counter
058.jpg,Intelligence
058.jpg,-
058.jpg,A
058.jpg,Licensed
058.jpg,Franchise
058.jpg,The
058.jpg,Counter
058.jpg,Palo
058.jpg,Alto
058.jpg,Palo
058.jpg,Alto
058.jpg,CA
058.jpg,94306
058.jpg,650
058.jpg,3213900
058.jpg,4083907771
058.jpg,Cell
058.jpg,650
058.jpg,321
058.jpg,3902
058.jpg,Fax
058.jpg,jjohnson@thecounterburger.com
058.jpg,thecounterburger.com
059.jpg,BIsTRO
059.jpg,ELAN
059.jpg,448
059.jpg,California
059.jpg,Avenue
059.jpg,+
059.jpg,Palo
059.jpg,"Alto,"
059.jpg,CA
059.jpg,94306
059.jpg,(650)
059.jpg,327-0284
059.jpg,Fax
059.jpg,(650)
059.jpg,327-0188
059.jpg,‘
059.jpg,Lunch
059.jpg,Tue.
059.jpg,-
059.jpg,Fri.
059.jpg,Dinner
059.jpg,Tue.
059.jpg,-
059.jpg,Sat.
059.jpg,www.BistroElan.com
059.jpg, 
059.jpg, 
060.jpg,THE
060.jpg,COUNTER
060.jpg,@.
060.jpg,CUSTOM
060.jpg,BUILT
060.jpg,BURGERS
060.jpg,Margarito
060.jpg,Mendoza
060.jpg,Kitchen
060.jpg,Manager
060.jpg,Counter
060.jpg,Intelligence
060.jpg,-
060.jpg,A
060.jpg,Licensed
060.jpg,Franchise
060.jpg,The
060.jpg,Counter
060.jpg,Palo
060.jpg,Alto
060.jpg,Palo
060.jpg,Alto
060.jpg,CA
060.jpg,94306
060.jpg,650
060.jpg,3213900
060.jpg,650
060.jpg,321
060.jpg,3902
060.jpg,Fax
060.jpg,paloalto@thecounterburger.com
060.jpg,thecounterburger.com
060.jpg,ooo
061.jpg,IN
061.jpg,SHO
061.jpg, 
061.jpg,454
061.jpg,S
061.jpg,California
061.jpg,Ave
061.jpg,Palo
061.jpg,Alto
061.jpg,CA
061.jpg,94306
061.jpg,tel
061.jpg,(650)
061.jpg,321
061.jpg,jinshorestaurant.com
061.jpg, 
062.jpg,Palo
062.jpg,Alto
062.jpg,Menlo
062.jpg,Park:
062.jpg, 
062.jpg,GREGG
062.jpg,FORREST
062.jpg, 
063.jpg,BT
063.jpg,daw
063.jpg,1
063.jpg,b
063.jpg,!
063.jpg,  
063.jpg,*
063.jpg,$B.
063.jpg,PBBERS
063.jpg,CRS
063.jpg, 
063.jpg,  
063.jpg,  
063.jpg,!
063.jpg,http://sanfrancisco.vivinavi.co
064.jpg, 
064.jpg,Cocina
064.jpg,Mexicana
064.jpg,Hector
064.jpg,&
064.jpg,HELENA
064.jpg,Sot
064.jpg,OWNERS
064.jpg, 
064.jpg,408
064.jpg,California
064.jpg,Ave.
064.jpg,Palo
064.jpg,"Alto,"
064.jpg,CA
064.jpg,94306
064.jpg,650.328.8840
064.jpg,Fax
064.jpg,650.328.3588
064.jpg, 
065.jpg,Shih-Hsiang
065.jpg,"Lin,"
065.jpg,Graduate
065.jpg,stud
065.jpg, 
065.jpg,Department
065.jpg,of
065.jpg,Electrical
065.jpg,and
065.jpg,Control
065.jpg,Engineerin
065.jpg,National
065.jpg,Chiao
065.jpg,Tung
065.jpg,University
065.jpg,Engineering
065.jpg,Buliding
065.jpg,V
065.jpg,Room
065.jpg,615
065.jpg,1001
065.jpg,Ta
065.jpg,Hsueh
065.jpg,Road
065.jpg,","
065.jpg,Tel:886-3-5712121
065.jpg,ext
065.jpg,54306
065.jpg,Hsinchu
065.jpg,","
065.jpg,Taiwan
065.jpg,","
065.jpg,300
065.jpg,Fax:886-3-57
065.jpg,15998
065.jpg,Republic
065.jpg,of
065.jpg,China
065.jpg,E-mail:
065.jpg,shlin1983@gmail.com
065.jpg, 
066.jpg,HITACHI
066.jpg,Inspire
066.jpg,the
066.jpg,Next
066.jpg,Hideaki
066.jpg,Kido
066.jpg,Intelligent
066.jpg,Sensing
066.jpg,Systems
066.jpg,Unit
066.jpg,ese
066.jpg,The
066.jpg,Second
066.jpg,Department
066.jpg,of
066.jpg,Systems
066.jpg,Research
066.jpg,"@hHitachi,"
066.jpg,Ltd.
066.jpg,Hitachi
066.jpg,Research
066.jpg,Laboratory
066.jpg,"1-1,Omika-cho"
066.jpg,"7-chome,Hitachi-shi"
066.jpg,"Ibaraki-ken,319-1292"
066.jpg,Japan
066.jpg,TEL:81
066.jpg,294
066.jpg,52
066.jpg,5111ex6086
066.jpg,FAX:81
066.jpg,294
066.jpg,52
066.jpg,7608
066.jpg,E-mail:hideaki.kido.fx@hitachi.com
066.jpg, 
067.jpg,HITACHI
067.jpg,Shoji
067.jpg,"Muramatsu,Ph.D."
067.jpg,Inspire
067.jpg,the
067.jpg,Next
067.jpg,none
067.jpg,2
067.jpg,Intelligent
067.jpg,Sensing
067.jpg,Systems
067.jpg,Unit
067.jpg,Leader
067.jpg,The
067.jpg,Second
067.jpg,Department
067.jpg,of
067.jpg,Systems
067.jpg,Research
067.jpg,Ltd.
067.jpg,Hitachi
067.jpg,Research
067.jpg,Laboratory
067.jpg,"1-1,Omika-cho"
067.jpg,"7-chome,Hitachi-shi"
067.jpg,"Ibaraki-ken,319-1292"
067.jpg,Japan
067.jpg,TEL:81
067.jpg,294
067.jpg,52
067.jpg,5111ex5367
067.jpg,FAX:81
067.jpg,294
067.jpg,52
067.jpg,7608
067.jpg,E-mail:shoji.muramatsu.xy@hitachi.com
067.jpg, 
067.jpg, 
067.jpg, 
068.jpg,HITACHI
068.jpg,Inspire
068.jpg,the
068.jpg,Next
068.jpg,RRA
068.jpg,=
068.jpg,©
068.jpg,1244-0817
068.jpg,Tel:
068.jpg,045-860-1670
068.jpg,F
068.jpg,ax:
068.jpg,045-860-1668
068.jpg,E-mail:
068.jpg,tomokazu.murakami.xr@hitachi.com
069.jpg,Yu-Chieh
069.jpg,"Huang,"
069.jpg,Graduate
069.jpg,student
069.jpg, 
069.jpg,Department
069.jpg,of
069.jpg,Electrical
069.jpg,and
069.jpg,Control
069.jpg,Engineering
069.jpg,National
069.jpg,Chiao
069.jpg,Tung
069.jpg,University
069.jpg,Engineering
069.jpg,Buliding
069.jpg,V
069.jpg,Room
069.jpg,615
069.jpg,1001
069.jpg,Ta
069.jpg,Hsueh
069.jpg,Road
069.jpg,","
069.jpg,Tel:
069.jpg,886-3-5712121
069.jpg,ext
069.jpg,54306
069.jpg,Hsinchu
069.jpg,","
069.jpg,Taiwan
069.jpg,","
069.jpg,300
069.jpg,Fax:
069.jpg,886-3-5715998
069.jpg,Republic
069.jpg,of
069.jpg,China
069.jpg,E-mail:
069.jpg,dreamer1031@gmail.com
070.jpg, 
071.jpg,Mark
071.jpg,Sm
071.jpg,Fast
071.jpg,Repair
071.jpg,2127
071.jpg,El
071.jpg,Camino
071.jpg,|
071.jpg,Palo
071.jpg,"Alto,CA"
071.jpg,94
071.jpg,Fast
071.jpg,Repair
071.jpg,CELLULAR
071.jpg,REPAIR
071.jpg,CENTER
071.jpg,Office:650-322-(
071.jpg,Cell
071.jpg,:650-492-%
071.jpg,Email:Mark
071.jpg, 
072.jpg, 
072.jpg,tL
072.jpg,4
072.jpg,5A
072.jpg,6A
072.jpg,2010/7
072.jpg,2010/85
072.jpg,2
072.jpg,BAKKE
072.jpg,1
072.jpg,12345
072.jpg,123
072.jpg,234567
072.jpg,345678
072.jpg,789111213
072.jpg,678910
072.jpg,9
072.jpg,1011
072.jpg,1213
072.jpg,14
072.jpg,67891
072.jpg,10
072.jpg,11
072.jpg,12
072.jpg,13
072.jpg,1415
072.jpg,14
072.jpg,15
072.jpg,16
072.jpg,17
072.jpg,18
072.jpg,19
072.jpg,12
072.jpg,13
072.jpg,14
072.jpg,15
072.jpg,16
072.jpg,17
072.jpg,16
072.jpg,17
072.jpg,18
072.jpg,1920
072.jpg,21
072.jpg,13
072.jpg,1415
072.jpg,161
072.jpg,17
072.jpg,18
072.jpg,19
072.jpg,20
072.jpg,21
072.jpg,22
072.jpg,21
072.jpg,22
072.jpg,23
072.jpg,24
072.jpg,25
072.jpg,26
072.jpg,19
072.jpg,20
072.jpg,21
072.jpg,22
072.jpg,23
072.jpg,24
072.jpg,23
072.jpg,24
072.jpg,25
072.jpg,2627
072.jpg,28
072.jpg,20
072.jpg,21
072.jpg,22
072.jpg,232
072.jpg,24
072.jpg,25
072.jpg,26
072.jpg,27
072.jpg,28
072.jpg,29
072.jpg,28
072.jpg,29
072.jpg,30
072.jpg,26
072.jpg,27
072.jpg,28
072.jpg,29
072.jpg,30
072.jpg,31
072.jpg,3031
072.jpg,27
072.jpg,28
072.jpg,2930
072.jpg,10H
072.jpg,2010/41
072.jpg,2010/42R
072.jpg,2010/78
072.jpg,2011/25
072.jpg,2
072.jpg,123456
072.jpg,1234
072.jpg,1
072.jpg,123+.
072.jpg,456789
072.jpg,8
072.jpg,9
072.jpg,101112
072.jpg,13
072.jpg,67891011
072.jpg,345678
072.jpg,78911
072.jpg,12
072.jpg,13
072.jpg,14
072.jpg,15
072.jpg,16
072.jpg,15
072.jpg,16
072.jpg,17
072.jpg,18
072.jpg,19
072.jpg,20
072.jpg,13
072.jpg,14
072.jpg,15
072.jpg,16
072.jpg,17
072.jpg,18
072.jpg,10
072.jpg,11
072.jpg,12
072.jpg,13
072.jpg,14
072.jpg,15
072.jpg,14
072.jpg,15
072.jpg,16
072.jpg,171
072.jpg,18
072.jpg,19
072.jpg,20
072.jpg,21
072.jpg,22
072.jpg,23
072.jpg,22
072.jpg,23
072.jpg,24
072.jpg,25
072.jpg,26
072.jpg,27
072.jpg,20
072.jpg,212223
072.jpg,18
072.jpg,19
072.jpg,20
072.jpg,21
072.jpg,22
072.jpg,25
072.jpg,26
072.jpg,27
072.jpg,28
072.jpg,29
072.jpg,30
072.jpg,29
072.jpg,30
072.jpg,27
072.jpg,28
072.jpg,29
072.jpg,30
072.jpg,24
072.jpg,25
072.jpg,26
072.jpg,27
072.jpg,28
072.jpg,29
072.jpg,28
072.jpg,AT
072.jpg,LU
072.jpg,OARS
072.jpg,http://sanfrancisco.vivinavi.co
072.jpg, 
073.jpg, 
073.jpg,Palo
073.jpg,Alto
073.jpg,Sol
073.jpg,408
073.jpg,California
073.jpg,Ave.
073.jpg,Palo
073.jpg,"Alto,"
073.jpg,CA
073.jpg,94306
073.jpg,650.328.8840
073.jpg, 
074.jpg, 
074.jpg,ta
074.jpg,4
074.jpg,RISE
074.jpg,:
074.jpg,(H)0966-177-516
074.jpg,4%
074.jpg,(03)5715998
074.jpg,E-mail
074.jpg,:
074.jpg,shlin1983@gmail.com
074.jpg, 
075.jpg,HITACI
075.jpg,Inspire
075.jpg,the
075.jpg,I
075.jpg,AYFUYIY
075.jpg,FEY
075.jpg,—
075.jpg,7
075.jpg,BPH
075.jpg,ts
075.jpg,BCT
075.jpg,B1B1S7319-1292
075.jpg,as00031(
075.jpg,BBs
075.jpg,0294-52-5111N#6086
075.jpg,FAX
075.jpg,:
075.jpg,0294-52-7608
075.jpg,E-mail
075.jpg,:
075.jpg,hideaki.kido.fx@hitachi.com
075.jpg,4001
075.jpg,383i
076.jpg,HITACHI
076.jpg,LAZY
076.jpg,b
076.jpg,Inspire
076.jpg,the
076.jpg,Next
076.jpg,fet
076.jpg,(T#)
076.jpg,SaaS
076.jpg,\
076.jpg,MW
076.jpg,BZ
076.jpg,—
076.jpg,=
076.jpg,EM
076.jpg,:
076.jpg,B1B15
076.jpg,BABS
076.jpg,FAX
076.jpg,:
076.jpg,0294-52-7608
076.jpg,E-mail
076.jpg,:
076.jpg,shoji.
076.jpg,muramatsu.
076.jpg,sa
076.jpg,kee
076.jpg,se
076.jpg,com
076.jpg, 
076.jpg, 
076.jpg, 
076.jpg, 
076.jpg, 
077.jpg,HITACHI
077.jpg,Inspire
077.jpg,the
077.jpg,Next
077.jpg,Tomokazu
077.jpg,Murakami
077.jpg,Researcher
077.jpg,Embedded
077.jpg,System
077.jpg,Research
077.jpg,Department
077.jpg,Embedded
077.jpg,System
077.jpg,Platform
077.jpg,Research
077.jpg,Laboratory
077.jpg,"Ltd.,"
077.jpg,Central
077.jpg,Research
077.jpg,Laboratory
077.jpg,"292,"
077.jpg,"Yoshida-cho,"
077.jpg,"Totsuka-ku,"
077.jpg,"Yokohama-shi,"
077.jpg,"Kanagawa-ken,"
077.jpg,244-0817
077.jpg,Japan
077.jpg,Tel:
077.jpg,+81-45-860-1670
077.jpg,Fax:+81-45-860-1668
077.jpg,E-mail:
077.jpg,tomokazu.murakami.xr@hitachi.com
078.jpg, 
078.jpg, 
078.jpg,x
078.jpg,HAL:
078.jpg,HA
078.jpg,BOSE
078.jpg,©
078.jpg,:
078.jpg,(H)0958-977-578
078.jpg,4@
078.jpg,BR
078.jpg,:
078.jpg,(03)5715998
078.jpg,E-mail
078.jpg,:dreamer1031@gmail.com
078.jpg, 
079.jpg,00°€%
079.jpg,-
079.jpg,0041
079.jpg,:sAepung
079.jpg,00:€Z
079.jpg,-00:LL:AepAsans
079.jpg,uedo
079.jpg,ssunopy
079.jpg,ly
079.jpg,LT
079.jpg,SEZ
079.jpg,(06+)
079.jpg,OL
079.jpg,/
079.jpg,Ja20y
079.jpg,02
079.jpg,D/LION
079.jpg,‘PD
079.jpg,eseddaray
079.jpg, 
079.jpg, 
079.jpg,  
079.jpg, 
080.jpg,We
080.jpg,repair
080.jpg,@
080.jpg,Broken
080.jpg,Screen(LCD)
080.jpg,Connector
080.jpg,@
080.jpg,Water
080.jpg,Damage
080.jpg,Keypad
080.jpg,Logic
080.jpg,Board
080.jpg,@
080.jpg,Charger
080.jpg,Connector
080.jpg,@
080.jpg,Volume
080.jpg,Switch
080.jpg,@
080.jpg,Power
080.jpg,Switch
080.jpg,@PA
080.jpg,Repair
080.jpg,@
080.jpg,GSM
080.jpg,Unlocking/Flash
080.jpg,¢VCO
080.jpg,Replacement
080.jpg,@
080.jpg,And
080.jpg,Much
080.jpg,More!-Visit
080.jpg,www.fastrepair.com
080.jpg,ool
081.jpg,Movie
081.jpg,Rental
081.jpg,and
081.jpg,Sales
081.jpg,2123
081.jpg,El
081.jpg,Camino
081.jpg,Re
081.jpg,Palo
081.jpg,"Alto,"
081.jpg,CA
081.jpg,943(
081.jpg,(650)
081.jpg,330-12¢
081.jpg,"Movies,"
081.jpg,com
081.jpg,support@reddoormovie:
081.jpg,www.reddoormovies.c
081.jpg, 
082.jpg,Christopher
082.jpg,R.
082.jpg,W.
082.jpg, 
082.jpg,store
082.jpg,mar
082.jpg,|
082.jpg,w
082.jpg,Coffee
082.jpg,M
082.jpg,Starbucks
082.jpg,Coffee
082.jpg,Company
082.jpg,361
082.jpg,S.
082.jpg,California
082.jpg,Ave.
082.jpg,Palo
082.jpg,"Alto,"
082.jpg,CA
082.jpg,94306
082.jpg,$09870
082.jpg,@starbucks
082.jpg,@Printed
082.jpg,on
082.jpg,100%
082.jpg,recycled
082.jpg,"paper,"
082.jpg,100%
082.jpg,post-consumer
082.jpg,material.
083.jpg, 
083.jpg,BAY
083.jpg,TECH
083.jpg,INSURANCE
084.jpg,   
084.jpg,LA
084.jpg,BODEGUITA’
084.jpg,DEL
084.jpg,MEDIO
084.jpg, 
084.jpg,   
085.jpg,noms.c.
085.jpg,Fresh
085.jpg,Taste
085.jpg,=
085.jpg,\om:
085.jpg,*
085.jpg,Unique
085.jpg,&
085.jpg,Courteous
085.jpg,Dining
085.jpg,Experience
085.jpg,TAKEOUT
085.jpg,(Delivery
085.jpg,Available)
085.jpg,Tel:
085.jpg,(650)
085.jpg,324
085.jpg,-
085.jpg,8749
085.jpg,(650)
085.jpg,324
085.jpg,-
085.jpg,874
085.jpg,2111
085.jpg,El
085.jpg,Camino
085.jpg,"Real,"
085.jpg,Palo
085.jpg,"Alto,"
085.jpg,CA
085.jpg,9431
085.jpg, 
086.jpg,Ku
086.jpg,Sole
086.jpg,NAIL
086.jpg,SPA
086.jpg, 
086.jpg,EaliforniavAve:
086.jpg,RaloyAlltos
086.jpg,GAV94306
086.jpg,www.LaJolieNailSpa.com
086.jpg, 
087.jpg, 
087.jpg,(650)
087.jpg,327-9390
087.jpg,Open
087.jpg,7
087.jpg,Days
087.jpg,417
087.jpg,California
087.jpg,Avenue
087.jpg,Banquet
087.jpg,Facility
087.jpg,Available
087.jpg,Palo
087.jpg,"Alto,"
087.jpg,CA
087.jpg,94306
087.jpg,Front
087.jpg,&
087.jpg,Back
087.jpg,Patio
087.jpg,Seating
087.jpg,Fax
087.jpg,(650)
087.jpg,327-3733
087.jpg,www.spalti.com
088.jpg,   
088.jpg,              
088.jpg,STARBUCKS
088.jpg,|
088.jpg,@
088.jpg,iTunes
088.jpg,Pick
088.jpg,of
088.jpg,the
088.jpg,Week
088.jpg,§
088.jpg,PHILIP
088.jpg,SELWAY
088.jpg,By
088.jpg,Some
088.jpg,Miracle
088.jpg,Come
088.jpg,to
088.jpg,Starbucks
088.jpg,every
088.jpg,Tuesday
088.jpg,for
088.jpg,a
088.jpg,new
088.jpg,free
088.jpg,pick.
088.jpg,Code
088.jpg,on
088.jpg,back.
089.jpg,|
089.jpg, 
089.jpg,www.culturefrozenyogurt.com
090.jpg,£4
090.jpg,ene
090.jpg,(GV
090.jpg,pie
090.jpg,—-
090.jpg,sen
090.jpg,aA
090.jpg,7100-8015
090.jpg,:
090.jpg,(KE)
090.jpg,080-3450-4412
090.jpg,(BA)
090.jpg,E-mail
090.jpg,:
090.jpg,yamamoto-takeharu@jpo.
090.jpg,go.
090.jpg,jp
090.jpg,yamatake2525@gmai
090.jpg,|.
090.jpg,com
090.jpg, 
091.jpg,<
091.jpg,wn
091.jpg,wd
091.jpg,   
091.jpg,STORE
091.jpg,HOURS
091.jpg,Sun
091.jpg,noon-9p.m.
091.jpg,M-Th
091.jpg,11
091.jpg,a.m.-9
091.jpg,p.m.
091.jpg,Fri
091.jpg,11
091.jpg,a.m.
091.jpg,-
091.jpg,10
091.jpg,p.m.
091.jpg,   
091.jpg, 
091.jpg, 
091.jpg,Page
091.jpg,Mill
091.jpg,Rd.
091.jpg,El
091.jpg,Camino
091.jpg,Real
091.jpg,     
091.jpg,Sat
091.jpg,noon
091.jpg,-
091.jpg,10
091.jpg,p.m.
091.jpg,California
091.jpg,Ave.
091.jpg,Pa
091.jpg,|
091.jpg,College
091.jpg,Ave.
091.jpg,Oxford
091.jpg,Ave
092.jpg,OUR
092.jpg,STARBUCKS
092.jpg,MISSION
092.jpg,To
092.jpg,inspire
092.jpg,and
092.jpg,nurture
092.jpg,the
092.jpg,human
092.jpg,spirit—
092.jpg,one
092.jpg,"person,"
092.jpg,one
092.jpg,"cup,"
092.jpg,and
092.jpg,one
092.jpg,neighborhood
092.jpg,at
092.jpg,a
092.jpg,time.
092.jpg,To
092.jpg,see
092.jpg,the
092.jpg,principles
092.jpg,of
092.jpg,how
092.jpg,we
092.jpg,live
092.jpg,that
092.jpg,every
092.jpg,"day,"
092.jpg,visit
092.jpg,starbucks.com/mission
093.jpg,BAY
093.jpg,TECH
093.jpg,INSURANCE
093.jpg, 
093.jpg,SERVICES
093.jpg,-
093.jpg,General
093.jpg,Liability
093.jpg,#
093.jpg,-
093.jpg,Business
093.jpg,Owner's
093.jpg,Policy
093.jpg,-
093.jpg,Bonds
093.jpg,#
093.jpg,-
093.jpg,Life
093.jpg,-
093.jpg,Worker's
093.jpg,Compensation
093.jpg,it
093.jpg,-
093.jpg,Commercial
093.jpg,Auto/Truckers
093.jpg,4
093.jpg,-
093.jpg,Personal
093.jpg,Auto
093.jpg,-
093.jpg,Homeowners
093.jpg,#
093.jpg, 
094.jpg,LA
094.jpg,BODEGUITA
094.jpg,DEL
094.jpg,MEDIO®
094.jpg,463
094.jpg,California
094.jpg,Avenue
094.jpg,Palo
094.jpg,"Alto,"
094.jpg,California
094.jpg,94306
094.jpg,t:
094.jpg,650/326.7762
094.jpg,f:
094.jpg,650/323.CUBA
094.jpg,www.labodeguita.com
094.jpg,RESTAURANT
094.jpg,*
094.jpg,BAR
094.jpg,CIGAR
094.jpg,DIVAN
094.jpg, 
095.jpg,STANFORD
095.jpg,UNIVERSITY
095.jpg, 
096.jpg, 
096.jpg, 
096.jpg, 
096.jpg, 
096.jpg, 
096.jpg,|!
096.jpg,MON
096.jpg,TUES
096.jpg,WED
096.jpg,THURS
096.jpg,FRI
096.jpg,SAT
096.jpg,SUN
096.jpg, 
096.jpg, 
096.jpg, 
096.jpg, 
096.jpg, 
096.jpg, 
096.jpg, 
096.jpg, 
096.jpg, 
096.jpg, 
096.jpg, 
096.jpg, 
096.jpg, 
096.jpg, 
096.jpg, 
096.jpg, 
096.jpg, 
096.jpg, 
096.jpg,DATE
096.jpg,AT
096.jpg,=
096.jpg,ECHNICIAN
096.jpg,NAME:
096.jpg,ro
096.jpg,"AVE,"
096.jpg,Nov-March
096.jpg,Apr
096.jpg,-
096.jpg,Oct
096.jpg,SK
096.jpg,ee
096.jpg,7
096.jpg,a
096.jpg,   
096.jpg,   
096.jpg,650.322.8882
096.jpg,LajolieNailSpa.com
096.jpg, 
097.jpg,“aay
097.jpg,To
097.jpg,San
097.jpg,Francisco
097.jpg,ov
097.jpg,“4
097.jpg,3
097.jpg,U
097.jpg,To
097.jpg,San
097.jpg,Jose
097.jpg, 
098.jpg, 
098.jpg,STARBUCKS
098.jpg,|
098.jpg,To
098.jpg,download
098.jpg,your
098.jpg,free
098.jpg,content
098.jpg,on
098.jpg,iTunes:
098.jpg,4.
098.jpg,Download
098.jpg,iTunes
098.jpg,for
098.jpg,Mac
098.jpg,or
098.jpg,"Windows,"
098.jpg,free
098.jpg,of
098.jpg,charge
098.jpg,at
098.jpg,www.iTunes.com.
098.jpg,2.
098.jpg,Open
098.jpg,iTunes
098.jpg,and
098.jpg,click
098.jpg,iTunes
098.jpg,Store.
098.jpg,3.
098.jpg,Click
098.jpg,Redeem
098.jpg,under
098.jpg,Quick
098.jpg,Links.
098.jpg,4.
098.jpg,Enter
098.jpg,the
098.jpg,code
098.jpg,below.
098.jpg,Your
098.jpg,download
098.jpg,will
098.jpg,start
098.jpg,immediately.
098.jpg,Enjoy.
098.jpg,The
098.jpg,code
098.jpg,expires
098.jpg,on
098.jpg,the
098.jpg,date
098.jpg,below
098.jpg,and
098.jpg,is
098.jpg,redeemable
098.jpg,only
098.jpg,on
098.jpg,the
098.jpg,U.S.
098.jpg,iTunes
098.jpg,Store.
098.jpg,To
098.jpg,redeem
098.jpg,the
098.jpg,code
098.jpg,you
098.jpg,must
098.jpg,have
098.jpg,an
098.jpg,iTunes
098.jpg,"account,"
098.jpg,subject
098.jpg,to
098.jpg,prior
098.jpg,acceptance
098.jpg,of
098.jpg,license
098.jpg,and
098.jpg,usage
098.jpg,terms.
098.jpg,To
098.jpg,open
098.jpg,an
098.jpg,account
098.jpg,you
098.jpg,must
098.jpg,be
098.jpg,above
098.jpg,the
098.jpg,age
098.jpg,of
098.jpg,13
098.jpg,and
098.jpg,in
098.jpg,the
098.jpg,U.S.
098.jpg,iTunes
098.jpg,9.0
098.jpg,or
098.jpg,"later,"
098.jpg,compatible
098.jpg,hardware
098.jpg,and
098.jpg,"software,"
098.jpg,and
098.jpg,Internet
098.jpg,access
098.jpg,(fees
098.jpg,may
098.jpg,apply)
098.jpg,are
098.jpg,required.
098.jpg,Not
098.jpg,for
098.jpg,resale.
098.jpg,For
098.jpg,full
098.jpg,"terms,"
098.jpg,see
098.jpg,www.apple.com/legal/itunes/us/gifts.
098.jpg,html.
098.jpg,For
098.jpg,more
098.jpg,"information,"
098.jpg,see
098.jpg,www.apple.com/support/itunes/store.
098.jpg,Don't
098.jpg,steal
098.jpg,music.
098.jpg,TM
098.jpg,and
098.jpg,©
098.jpg,2010
098.jpg,Apple
098.jpg,Inc.
098.jpg,All
098.jpg,rights
098.jpg,reserved.
098.jpg,Offer
098.jpg,available
098.jpg,to
098.jpg,U.S.
098.jpg,persons
098.jpg,aged
098.jpg,13
098.jpg,and
098.jpg,older.
098.jpg,Limit
098.jpg,one
098.jpg,card
098.jpg,per
098.jpg,"person,"
098.jpg,per
098.jpg,day
098.jpg,in
098.jpg,participating
098.jpg,U.S.
098.jpg,Starbucks
098.jpg,"stores,"
098.jpg,while
098.jpg,supplies
098.jpg,last.
098.jpg,Daily
098.jpg,quantities
098.jpg,vary
098.jpg,by
098.jpg,store.
098.jpg,Cash
098.jpg,value
098.jpg,1/20th
098.jpg,cent.
098.jpg,Void
098.jpg,where
098.jpg,prohibited.
098.jpg,Offer
098.jpg,subject
098.jpg,to
098.jpg,change.
098.jpg,Code
098.jpg,Expiration:
098.jpg,December
098.jpg,"10,"
098.jpg,2010
098.jpg, 
098.jpg, 
099.jpg,Alexis
099.jpg,Beckman
099.jpg,:
099.jpg,yogurt-in-chief
099.jpg,t
099.jpg,650.324.0440
099.jpg,f
099.jpg,650.324.0448
099.jpg,info@culturefrozenyogurt.com
099.jpg,www.culturefrozenyogurt.com
099.jpg,340
099.jpg,S.
099.jpg,California
099.jpg,Avenue
099.jpg,Palo
099.jpg,Alto
099.jpg,California
099.jpg,94306
099.jpg, 
099.jpg,Ge
099.jpg,100%
099.jpg,recycled
099.jpg,post
099.jpg,consu
099.jpg, 
100.jpg,Examiner
100.jpg,Takeharu
100.jpg,YAMAMOTO
100.jpg,General
100.jpg,Machinery
100.jpg,Division
100.jpg,Second
100.jpg,Patent
100.jpg,Examination
100.jpg,Department
100.jpg,Japan
100.jpg,Patent
100.jpg,Office
100.jpg,3-43
100.jpg,"Kasumigaseki,"
100.jpg,Chiyoda-ku
100.jpg,Tokyo
100.jpg,"100-8915,"
100.jpg,JAPAN
100.jpg,CELL-PHONE
100.jpg,:
100.jpg,650-468-7208
100.jpg,(U.S.A.)
100.jpg,+81-80-3450-4412
100.jpg,(JAPAN)
100.jpg,E-mail
100.jpg,:
100.jpg,yamamoto-takeharu@jpo.go.jp
100.jpg,yamatake2525@gmail.com
100.jpg, 
data1.jpg,Name:
data1.jpg,Mariana
data1.jpg,Anderson
data1.jpg,Designation:
data1.jpg,Marketing
data1.jpg,Manager
data1.jpg,+123-456-7890
data1.jpg,+123-456-7890
data1.jpg,Website:
data1.jpg,www.
data1.jpg,reallygreatsite.com
data1.jpg,Business
data1.jpg,Email:
data1.jpg,hello@reallygreatsite.com
data1.jpg,Address:
data1.jpg,123
data1.jpg,Anywhere
data1.jpg,"St.,"
data1.jpg,Any
data1.jpg,"City,"
data1.jpg,ST
data1.jpg,12345
data1.jpg, 
data2.jpg,Name:
data2.jpg,Mariana
data2.jpg,Anderson
data2.jpg,Designation:
data2.jpg,UI
data2.jpg,/
data2.jpg,UX
data2.jpg,Designer
data2.jpg,+123-456-7890
data2.jpg,+123-456-7890
data2.jpg,www.
data2.jpg,reallygreatsite.com
data2.jpg,Company:
data2.jpg,Liceria
data2.jpg,&
data2.jpg,Co.
data2.jpg,hello@reallygreatsite.com
data2.jpg,Address:
data2.jpg,123
data2.jpg,Anywhere
data2.jpg,"St.,"
data2.jpg,Any
data2.jpg,"City,"
data2.jpg,ST
data2.jpg,12345
data2.jpg, 
data4.jpg,NAME:
data4.jpg,RANJAN
data4.jpg,ROLE:
data4.jpg,CHIEF
data4.jpg,EXECUTIVE
data4.jpg,OFFICER
data4.jpg,Phone:
data4.jpg,+91
data4.jpg,8936220531
data4.jpg,Web:
data4.jpg,www.lotus.com
data4.jpg,Email:
data4.jpg,info@lotus.com
data4.jpg,Company:
data4.jpg,Lotus
data4.jpg,Address:
data4.jpg,Delhi
data4.jpg, 
Screenshot 2024-04-26 002840.jpg, 
Screenshot 2024-04-26 002840.jpg,  
Screenshot 2024-04-26 002840.jpg, 
Screenshot 2024-04-26 002840.jpg,BARBU
Screenshot 2024-04-26 002840.jpg,GRAPHICS
Screenshot 2024-04-26 002840.jpg,7
Screenshot 2024-04-26 002840.jpg,FAMILY
Screenshot 2024-04-26 002840.jpg,   
Screenshot 2024-04-26 002840.jpg, 
Screenshot 2024-04-26 002840.jpg, 
Screenshot 2024-04-26 002840.jpg, 
